Avatar_ID,Class_Label,User_Type
ff60f23c-0ad8-838a-0891-03a387f6ab30,Real,0
c4a905b7-2ca1-77ec-758c-dd01ac9cf765,Unknown,-1
85257666-245b-2658-530c-5f3818ae4660,Unknown,-1
1f3ec3a4-45cf-d241-6ba8-abf87a89b605,Unknown,-1
7195dfd0-d4be-f048-ea95-93879667d77c,Unknown,-1
4ec89049-8795-9774-5b2e-4a0c45dc0137,Real,0
ea7162b8-9918-55e8-cd03-84607d3fad5c,Real,0
f06368a0-df5a-38e5-7460-e50d2effb94d,Unknown,-1
20842197-ee39-e17b-b6c9-2cd11af954f5,Unknown,-1
057082b9-5f16-7487-8466-f848061409f6,Real,0
3b096b0f-2e55-1384-a41b-daa9194fc9c1,Unknown,-1
d9a62eee-e347-de3f-be64-10cf4bcef322,Real,0
72302300-ed12-f02c-0be6-4fd0faf193aa,Real,0
1f5cb54f-351b-c261-b9d1-a10c17cd4bc2,Unknown,-1
e95e5acb-1d2b-136f-dc3c-ee592f07fac6,Both,1
fb9aae29-254b-d0a8-cdea-cf31aef8df45,Real,0
13bc1b99-74a5-cbaf-0b67-02b44edad6f4,Unknown,-1
4fbd1b7a-4f09-6b88-c97e-8970bf96c001,Unknown,-1
db50bd75-5edc-2914-7a5c-04817fa1465a,Real,0
0f486a86-1572-a85d-6d9a-b1ebe15e7afe,Unknown,-1
b827db76-01b4-9087-70cb-52a99b76079a,Unknown,-1
1d040d5d-b56e-52ea-9183-f0442aa09df8,Unknown,-1
bc4e9117-f1e0-acb1-0207-dfcf79828cd0,Real,0
35fe67e0-df65-ca76-c5ab-14e21794826f,Real,0
b023f565-f83d-e845-8674-9fd436514879,Real,0
c0149d3d-94db-069b-3f72-74c80cdf6ac4,Unknown,-1
28a32613-acfb-51c8-a981-0ffcd7ad4006,Unknown,-1
8f0a4a71-2468-8a55-0453-5d76ad52f17c,Real,0
fa7bcf09-c34f-f31b-727c-519b983bb187,Real,0
a49aea78-d040-5880-af5f-f279b9f1da1d,Unknown,-1
3bbe1f12-52b5-51c4-a025-380a227f46f2,Unknown,-1
c176ab0a-e270-dbcb-8dec-5fee2d755a15,Unknown,-1
e8f31d17-7d91-0292-492f-3d0f1ff3fd63,Real,0
75561c4f-ebfe-877e-ad8e-2fe89eb7c9ee,Real,0
6022c3d9-6594-93a0-68bb-4650db695826,Real,0
965db721-f3ae-18b1-cd3b-b1228ba27f50,Real,0
88ba29fc-5e69-4a95-7a37-1ad60f6f917f,Real,0
16bb875c-8357-7a15-1dca-e2d08d17aed7,Real,0
3cce6f29-d64a-93b2-9b87-973dd3dc6732,Unknown,-1
c9329da3-219e-5a56-f8ef-8b64513b0ca5,Real,0
af215144-cf9b-408e-0b31-22f396167108,Both,1
4bc24de8-b50c-6385-690a-d11089d0cf3a,Real,0
beb7dd2a-0d38-8924-551f-225781d968ab,Real,0
433b6d1c-b1ed-0ae4-eb12-ef0947bb44ab,Real,0
0f7a607d-b673-6894-1c3c-2954d5ac7ffd,Real,0
928acdcc-4863-b963-518e-455229b4015c,Real,0
95ca8e44-5e44-7be2-468e-178ef34a981a,Behavioral Fraud,1
5fe59d9f-1501-fe37-76d2-c222d9a1ed0e,Real,0
03801992-55e5-4dc7-40cb-bc6599f83614,Real,0
95b973e3-c95c-03c7-edd5-2d7b3cfa8e1c,Real,0
d0405e0e-5cd3-0314-16c4-61bbd7a76d0b,Unknown,-1
124b6a9b-aa5c-b34d-b24e-dd4ca8d3f1cc,Real,0
7f1535bd-56be-2649-f075-6c356e584bb9,Unknown,-1
d3e89de5-a047-b371-0b50-1b25b61481bf,Real,0
00ec29bc-24d8-f9b8-bf4c-72e588e4ac22,Unknown,-1
3138e303-cb97-1647-616f-3b88b993363e,Real,0
a9161eef-5792-fa11-f049-af21ae5abfeb,Real,0
ff8bad38-d0b8-7aca-098d-f9d0550d4705,Real,0
3bec8afd-8cce-2af9-5250-22b2a78fc126,Real,0
12ad7bc1-e28f-7b71-9d7d-2f436629b82a,Unknown,-1
bbe9ce50-ede6-e358-82b2-923992e14678,Behavioral Fraud,1
a36afd2b-9846-32b7-a91e-ebb0a65287a6,Financial Fraud,0
8af7f2f0-df41-2674-3a7d-7de989a90cf2,Real,0
30e6613d-985d-642a-f1fc-c12549418b3a,Real,0
c0badb28-f054-4353-1cf2-35d69bce6635,Unknown,-1
a12844d2-a9d1-7406-da45-2fa98609c347,Real,0
331d3e10-9006-7c34-2734-46e019e1eb5c,Unknown,-1
7f9403f3-d790-1fc9-8362-80944c9d5019,Real,0
8c178844-dedf-8a78-d501-1dc4ff2fa155,Real,0
5fb18556-4813-c29c-4c9e-b69ecd51c0c6,Unknown,-1
1a687c9b-23fa-12ae-1e9a-f88c38d99f86,Real,0
c10ec735-27ee-2e66-6c06-163c37b410dd,Real,0
1b9d8801-2931-b64e-f0c0-b39a18ec2eb0,Real,0
e12e0ce1-8e17-9b38-5aa5-57d2df581936,Unknown,-1
3b926c56-77bc-cba5-0e51-b730d4ae1177,Real,0
06a888af-d4b1-015b-b2b8-06416cf044c3,Real,0
16b5602b-9b8f-0f1e-43f0-7bbf4b1b93a0,Real,0
6d311cdf-71f2-294d-b56a-b447a650d8ef,Unknown,-1
3598ad3e-38a9-805a-8072-9034665c32f1,Unknown,-1
4cd9d752-adef-2a60-591a-4b487f911239,Real,0
85fc9d11-2117-c5ce-419f-997db198365f,Real,0
fb75fadc-d685-a809-638a-31aed941a6d3,Real,0
95c28942-5f15-fd8a-334f-a1fe561c4f36,Unknown,-1
64fc88f5-5cc2-e1b1-cd88-8f0c42b96384,Unknown,-1
677b3517-eb5a-b974-87dc-9a6a7aea83e5,Real,0
c562e201-07ec-5566-c407-06d0e6bdbdd7,Behavioral Fraud,1
4eac3728-00be-2d76-8fd7-c7cd75aeef2f,Real,0
5873aef0-b7c7-1a00-36f3-5e871d789321,Real,0
39494c14-1236-e47d-9693-94c94ac6ab7d,Real,0
b356dbbc-6cbb-ba62-e77a-77c3024f8be5,Real,0
cb6ecb8f-76b3-1017-0411-3ca59cc5d20c,Real,0
6add0f1c-387f-d843-a52f-4188094cd531,Real,0
86eca22d-1c75-ef94-5c15-9739a7741a34,Unknown,-1
cd375775-4cb2-eb81-2de4-97417998e4b4,Unknown,-1
57432db0-a96b-1d1b-64ce-3ab2dff55a1b,Behavioral Fraud,1
dde0e700-d837-0af9-a1c6-061d1ec0a3d3,Unknown,-1
9ae40280-3454-d827-95aa-4af7b4f100d4,Unknown,-1
b24a65dd-c0ee-1304-3b28-e4edbb246f3e,Unknown,-1
4a157562-6f2f-12fc-86b0-e2e31dbcf063,Unknown,-1
702716b0-8bbf-7d9d-02d6-05d2f1e098bd,Real,0
e1ef6e0b-ef6e-30fc-a1c7-01b7b9e5290f,Behavioral Fraud,1
2339f9cc-6e99-93c3-23f8-ccc7b6945554,Unknown,-1
72a0322a-a62a-adce-d260-fffe06ea5083,Real,0
aa77b594-87f5-1f57-2d1c-9d91b71e67c3,Unknown,-1
5be9795a-1d2a-4167-88c7-384ba01a3990,Real,0
89f15098-c28a-d83d-1b74-7f6dee85769a,Unknown,-1
68630371-f0ec-7d91-ce3c-d5309a307065,Real,0
4acc7416-6818-e241-d6e2-8e135f7a4983,Real,0
0f5167cd-5e92-f94f-c14d-c39da3cbfe3b,Real,0
49239c68-32a5-1409-908d-96cbbef4c47e,Unknown,-1
1d6f79fb-7c6f-6413-a9eb-14d4b9e57e8c,Real,0
ed728cb1-66c3-b28b-275d-ee707493e579,Real,0
b5096e31-b2be-35c0-b5c1-5ed9b2933826,Real,0
8fddad5a-a409-fbd1-7d92-e60b06da37b0,Unknown,-1
063e5bfe-1e4a-c0d6-78fd-40ff5897d274,Real,0
52e363af-545f-1f7d-54f7-7f75fc365dc1,Real,0
b4e7d270-b7ae-45bb-3107-96a1927ee73d,Real,0
1de6cdbc-2daa-2ce5-23f2-7ea1f2a803ac,Unknown,-1
f6cb4a62-4a5c-5b5d-9256-6590ee192d69,Real,0
38c3a746-429a-7b42-d44b-4d1449181067,Unknown,-1
5facac19-7309-82f9-b7b1-e0fe085ec35f,Unknown,-1
8c4c7257-1355-2294-1aeb-53cfa85895f2,Unknown,-1
4b6f989d-a7f0-d6c3-8266-72e1cf750a31,Unknown,-1
f6c800d4-b985-fe5e-152a-fb31ec63a279,Real,0
e3022b61-e427-8024-bebf-fe339b041dff,Real,0
83934cf5-3aa8-7b53-1acc-e6b9fdf74e12,Unknown,-1
2eff2674-ecbf-9315-b5f1-882ab0fb0ff5,Real,0
687bc302-ce04-0ac8-dbd6-70a3dc19e49a,Unknown,-1
434ae6dd-6162-ae0e-f9ae-f3458a404c5b,Unknown,-1
484b9ca2-9f50-ede3-3af5-25bb7d961835,Unknown,-1
c24d0dce-3eca-d7ce-5d30-4254230a59fc,Unknown,-1
781d3788-e99d-5510-e1cd-8bf122bddb0b,Unknown,-1
b531b092-a9dd-23da-4d88-a3e29703d18d,Unknown,-1
9757d47f-b036-cb8e-bc7c-405bb46209c3,Real,0
0f0cd335-b663-8a29-d942-1e8c068b4e41,Real,0
371d73dc-1c0c-41fa-21b0-5410758fa111,Real,0
2831556c-ac56-9ca0-e733-5633282494bf,Unknown,-1
e4d1b362-6a50-3ae7-6bf0-bf700fa784ad,Real,0
88259dcc-3ba5-5930-4c55-272835326d4a,Real,0
259caa70-ee8e-c99b-bf95-802722490dd5,Real,0
1ad3c437-ecf2-9855-33cb-98f3ae689edd,Real,0
3eb1f6dd-4541-81c8-dc97-a735dfe1f2a6,Unknown,-1
1a90b98d-e644-4fc1-51ef-bf0a69df5a6c,Both,1
556a775b-7fdd-5fe1-a394-cca718b422e9,Behavioral Fraud,1
06091c3b-9f92-59a3-185f-19098c240377,Real,0
87852fca-272e-acda-786e-b1f51debf7b1,Real,0
73f50d20-70af-73f2-fa6d-0225030afa29,Real,0
a899a754-f65d-b9e5-2c1e-23c081fe1716,Unknown,-1
ecf79af5-fa13-9cf9-8dcc-08db09705238,Real,0
6e0a3fdb-2ca3-8aa6-a6f2-b2e047103df5,Unknown,-1
4c535c6c-0700-91c0-724d-b5be656e3b71,Real,0
a87c1183-e3e4-cf40-bccf-20d69e7c4020,Real,0
6d52b332-6e8b-a174-6b21-1d591bd87c34,Financial Fraud,0
74368d51-a46c-99bb-5d69-6fe131fdea3e,Real,0
8df3dde1-bd0f-9ee0-c24f-d2b62141085c,Real,0
b29466a6-9479-b97c-5037-1151d4612275,Unknown,-1
9f03bfcd-ef8b-6bf3-ed87-46ccdbc02a5d,Unknown,-1
953752f6-559d-b4f2-361b-2a4dce6dc1f7,Unknown,-1
d4bff35f-8a1f-9ccf-c5b9-245760b5b551,Real,0
af7536b1-1101-3427-4956-af7e13365443,Real,0
c260f869-1d7e-abf5-94f6-1b482bb5c359,Both,1
a3ddf654-62e4-115f-315f-bed81d7a74ab,Unknown,-1
f4019d2e-5b33-4e35-d483-b35664392f35,Financial Fraud,0
f0979f41-fb67-50ae-fd91-b24b2911b1c7,Real,0
03e01b12-125e-6e33-0480-dc1179309c3b,Real,0
e96c11d0-e869-ce63-ed82-8d07ebfc13c0,Real,0
12633f37-b939-b617-8cb8-685d47322892,Unknown,-1
c1f0be90-861b-c922-6e24-800d94d1ea1a,Real,0
7a5984c9-1810-de5d-229f-db7f3efe9e8f,Real,0
ebdb7511-1c0e-03b5-cc4e-d859a3ea8116,Real,0
fd3d97cf-75b4-de09-040f-452d675bb695,Unknown,-1
c9e4a4d7-195f-3bcf-1a28-3ba0ab230f39,Real,0
0fffdd08-de36-106c-fc11-027232c5d72c,Real,0
14ab1f13-f11c-48e4-2f9b-0ca2f6a4c98b,Behavioral Fraud,1
9d64b75e-5eec-097f-a262-ec078410ede8,Real,0
e26ec892-e5b0-3de0-d373-9ed456aeed8b,Unknown,-1
0ba690a9-5a5e-79bb-214c-0ba39b5efc35,Real,0
9c2f75d4-d69f-9613-a62b-bc103f4079ca,Real,0
081eb8dc-e786-e37c-1a30-606e9e58ecd4,Real,0
28007aea-4192-22e3-c737-a2e0b2f19a5c,Unknown,-1
1b703400-8750-c321-0a94-400ff0a4d2f6,Unknown,-1
57775138-548a-7314-94b9-a7c3f84e920e,Unknown,-1
4a9142e1-d511-c169-c9cf-720328302303,Real,0
64d1c0f8-89bb-48ec-414e-cb1a0e94fd9b,Unknown,-1
75d1f6f3-2519-ad39-b272-07a9c92cb59d,Unknown,-1
56900e93-b3ea-f69e-53ca-098e963733f9,Real,0
a73a8ecc-bca6-446e-4150-360ef1f2a050,Real,0
73e25d37-b79e-b0d1-74fa-d0cb1456d38d,Real,0
86a1f70b-f186-3efe-d0b0-5ee9b00ab395,Unknown,-1
c53a4086-9350-216a-a605-761cff0e94aa,Unknown,-1
ed23dfea-46e5-0a2e-0e65-3162d72263dd,Real,0
97c2562a-b3fa-a66f-624a-3d100316535f,Real,0
cea33dcd-2e54-1f4e-1fb8-340ab66076a8,Real,0
4cabf98a-d507-5da0-92d2-7f7008cd3afe,Real,0
a108d6bf-ed61-216e-a53b-0de916897402,Unknown,-1
04e03826-2e86-918c-67b1-89d0e295c055,Real,0
72048aee-a18f-916d-c582-901f5af560f7,Real,0
236873b6-f005-2e73-b6a8-758ff30f3d86,Real,0
94136762-9d80-d45d-66da-ad501f45a65c,Real,0
3ef41c8e-5110-8f01-bf1c-34bb057fb9ff,Unknown,-1
82d35147-6bce-f6c0-537a-1748d4744727,Real,0
8a8c3fba-61d8-5dc7-2b06-89279b963c20,Real,0
781ef456-1840-75c0-16d5-26324f7c2148,Real,0
ebcf0358-3c8a-eb5e-cc39-bbfc8431306d,Real,0
e338dd33-1724-8f49-5343-50463cea9d8e,Unknown,-1
881d5ed6-7735-3a3a-573c-67f145811d5a,Real,0
2196e0fa-402c-35b8-9f39-0078f90dc7cb,Unknown,-1
49daa0dc-8bde-734e-fd42-410c228ced64,Unknown,-1
97c840a4-220f-555b-0c9c-1a83591d2bbf,Unknown,-1
b09657a4-00dc-467e-f09a-8a5718eed1d5,Unknown,-1
38eb33e1-127f-2d7e-2957-7cfe8c27e408,Real,0
20deafbc-4db3-3589-22ba-b7c6de0a03de,Unknown,-1
af61fbf8-a524-3633-d006-1da61585317a,Real,0
491b339a-c671-36ae-66f6-02b112eb706f,Unknown,-1
d339ecf7-3ada-e171-1293-fc0a3b135a98,Unknown,-1
c5b34d6b-eff5-6a4b-a2bb-73d4c81d7535,Unknown,-1
d2555f56-11eb-4c43-c2c5-44374ce44820,Unknown,-1
ee3356f5-e0d1-bc4c-c92f-188312362cc5,Unknown,-1
1c113631-8f05-8bfd-459c-7e46342718e4,Unknown,-1
5c2d767f-9bcf-d0f2-29b6-f497cb69c1b2,Real,0
8705fd95-6ba3-b147-5410-3e2409e3572e,Real,0
0f3ff281-1031-f562-510f-fa69999a99c6,Unknown,-1
962463d8-e827-81f0-8cd9-0de333815348,Real,0
62a292b8-29aa-c2b9-965f-0ae222030d98,Real,0
6b46fc50-8644-ffdf-8064-8ed3a69e5d6c,Unknown,-1
49b6e135-417d-83f0-d2ae-b7930f8a3013,Real,0
65dba896-d014-80b0-2dfc-e786b29af669,Real,0
3b93973d-2e07-65b7-e1a4-3f533408de69,Unknown,-1
aabbd9d0-1902-ded9-0f54-131a8c438c92,Financial Fraud,0
66c3ee9b-1436-4d8e-ac2c-1cacd0d65ab1,Unknown,-1
df45cf50-1a1c-5cfe-c21b-980f90b3e3c6,Real,0
e12837ac-d08e-9a7c-1268-316eadba2413,Unknown,-1
0fd3b73d-bca5-c8e4-2188-150194d3c599,Real,0
f4184891-938e-e72d-ff78-523b4f61488a,Real,0
44ef3319-a797-b877-7f38-80c5dbb82afe,Real,0
caf1f52c-2f0a-cf94-c4fe-6def3e9d88bf,Behavioral Fraud,1
acbc6e3c-8edd-0fb4-c23a-e7d5d556d2f2,Real,0
5bc3de58-7264-7f61-8eee-336644597063,Unknown,-1
4dc55bd0-8c11-d0b5-9604-514e0b31d626,Unknown,-1
12627a4f-1c9a-b053-d9b7-60c17535fde9,Real,0
3c95729f-7b99-209e-be37-82e19476b788,Real,0
a62a7d29-1465-47e7-a3d2-1140bbe3feae,Unknown,-1
de0afe45-e304-5706-9e0e-49d7286c30e3,Unknown,-1
5b47f405-8e1a-9f76-c4b1-63d9be943688,Real,0
9c2ad62e-228b-7a66-4058-eca0dd10cddf,Unknown,-1
dd58935a-c557-5f77-d85e-020d0ca6554a,Unknown,-1
87f92bd3-ce08-2726-659b-1176e3727ba2,Unknown,-1
c70f3cd7-798d-83e1-4f1e-8339192ec163,Financial Fraud,0
a1e3e480-38cc-dc37-3ba1-cd15cf710e97,Real,0
5ffebaaf-fe9f-d9ff-6904-b24b69156063,Unknown,-1
160ba39e-e1a0-5b02-2c92-58b1ceaae72f,Unknown,-1
190cba59-328a-caad-3769-7c7fa4c00782,Unknown,-1
4aa94c28-7194-aadf-88f6-df9a06633202,Real,0
6ecb40d1-6336-ad36-7e4c-246c0083aff2,Unknown,-1
b1eaa286-b574-6377-4658-13da4c6797e7,Real,0
fbb9d88d-2dc2-65ee-3982-362816769f29,Unknown,-1
62203ebc-32f8-3b65-77b0-84e8f16df08c,Real,0
9787f552-57c4-c333-173d-d53bbbee0631,Real,0
1deda805-bac0-8f0b-3168-3f0005b94919,Behavioral Fraud,1
9af05e99-a1ba-6239-919b-4072858ee54f,Real,0
0074bfa9-1832-70dc-bcef-7f3689245bf6,Real,0
6a555515-3b8d-6774-a0d5-32e5843ede87,Financial Fraud,0
7b644fa9-63eb-defe-2bf8-8bfcfafaa97d,Unknown,-1
7d171eca-2d0f-d967-ccb8-8a8a43958394,Real,0
976dd34b-2fe0-f2f5-4e10-e96737039f7b,Real,0
ccff2020-3fc3-bef8-9f87-0700b3956e31,Real,0
449d06bd-af69-752b-f0da-90736710d5fc,Real,0
4ba793c2-2056-b1d3-bee8-14be5a95d8d3,Both,1
c7f80fe5-04fd-9109-c19c-29084c3ac861,Real,0
4a0bea90-ba63-231f-333d-d02a1e1dde44,Unknown,-1
91847a43-23ca-3e33-eba7-207f9dfd62ba,Real,0
8acebf44-def3-ebc8-50d7-31c795894907,Unknown,-1
239ee2f8-625d-156b-1881-dd13708b1275,Real,0
2244ecae-bc7f-a786-cee4-d963809cc786,Unknown,-1
42bce2fe-fe50-4b84-88a8-eed1f8633639,Unknown,-1
3c9d992b-d29a-f87c-1c48-23daeb6beefd,Real,0
fd5ba0d1-7510-8f40-0669-a6c0bb85ca3b,Real,0
37032587-e03c-b0c9-6231-28d7eb8392fe,Unknown,-1
aea9019e-db56-ea07-477d-b7bacb9d07d4,Unknown,-1
3e6dca29-625b-cdae-6b1c-df7c8bac517d,Unknown,-1
70c38ce0-28c6-707c-ec2f-56a7b7c57468,Real,0
4d38d8e4-5fa5-36b9-615a-72bcfdc527f6,Unknown,-1
3e4d4cc3-38e0-c097-b3c3-4b8b015377ac,Real,0
182d5add-e923-4a1f-0a45-87be193b4f53,Unknown,-1
07ad2ce0-f9c6-b343-da4c-f0b31dedf0a6,Real,0
b38b3945-f9b9-a096-bcc0-4c2fd5a7f8e6,Real,0
97ef2176-ae7e-316b-eda4-edfd1db3c0d9,Unknown,-1
4eeb8dab-eb1d-c0ab-d750-f105f5dc27de,Unknown,-1
afa36c12-37a9-a53c-5f28-43ca36a8c1d1,Real,0
ee278d51-daf3-feee-9560-8e056319c9b3,Real,0
f42a56bb-594c-8a68-5fcc-10fbc2733a60,Unknown,-1
0e28bf12-230e-8111-7e9a-bb9bf74e54d2,Financial Fraud,0
92c437c4-72b6-284d-dda2-e3e614cf2803,Unknown,-1
7f285995-6b85-e58e-f8ed-1e916c097a21,Behavioral Fraud,1
a1fac281-4c3f-dc1f-c247-eedd501d2565,Unknown,-1
47d4a302-a90b-fd3b-b3f1-9098f43d4ddc,Real,0
f7b3b08c-8e02-078c-8182-85862367afd4,Real,0
6650a9f3-c7d4-b1af-2c9e-8206f3340770,Real,0
e165348d-fe34-0c31-0c51-b0cc9956cd79,Real,0
49115690-256e-1418-4db3-e227904c8a29,Real,0
3fcfb011-a129-ee51-fcfd-cff1c57b8d81,Real,0
d1cbb80f-8458-60de-3940-c2465cd79080,Behavioral Fraud,1
cac07be1-5ea9-26cd-a42c-b3afbc37a911,Unknown,-1
61ea6112-529e-41f8-ee62-009320294016,Real,0
019a8deb-3ec2-ad24-dee1-1522e772e70b,Unknown,-1
ae980944-7d95-f376-d7c9-165900715053,Unknown,-1
7a81a451-a044-4f79-4475-24583edb494b,Both,1
b1cf06c8-4f58-3c55-679d-4acc2ad01915,Unknown,-1
f7d991b3-ba05-e827-2772-d6279aa25763,Unknown,-1
c84bd2c3-e13f-9b54-ae04-e61115630696,Unknown,-1
af016254-f33f-4897-fde8-092518384e9f,Real,0
75b8fc40-deb5-d84b-243e-b3583aa5aded,Real,0
1d63e216-8f27-48b8-5998-fd8a52c3d30c,Real,0
c85fe88a-797f-d7b3-422e-ab5a8b7b26ec,Real,0
612b0e84-cef9-711c-985a-37e3ca00b826,Unknown,-1
58269db8-ed3f-0197-d063-f36597f202df,Real,0
58119615-d677-6816-6a67-3d386bd6f948,Real,0
c2998d60-36f3-50a0-72ae-869f55de67ad,Unknown,-1
6449e824-43ac-a207-9a8b-b711cf4ebc94,Unknown,-1
f5ccfd95-9036-5aac-bba2-8bb5d2fa15ea,Real,0
746fb587-e1ac-19ca-acac-14203414d59a,Real,0
c71765d1-2dd0-3067-e804-d76387f9fa74,Unknown,-1
f555d16d-3b2b-2352-aec7-503fb3a5913b,Unknown,-1
beb8d578-1e93-9681-2f84-0b7efa5c17fd,Unknown,-1
4ad80577-54cd-f9c7-2b9e-180b3dff1bee,Unknown,-1
75edd67e-5349-aac0-0f21-06b73e07ad95,Unknown,-1
4ed8f925-33b5-05e9-7e39-6d614124c8aa,Real,0
15e0f2c4-8eeb-a46e-7b5f-dcc6da606510,Real,0
d351fb6a-5ad3-c68f-9152-da6f2f6e9a73,Unknown,-1
ef675eff-8bd8-d9f0-43e5-07b50959581f,Behavioral Fraud,1
f4e8d4b6-8e37-7bea-bfde-d490acbd35e9,Real,0
259cc681-2442-f047-94a5-cc10d83c879e,Unknown,-1
f8ea333b-ce30-36a3-1ea5-e0368a2bcece,Unknown,-1
1c2aa08a-81d1-f5b7-1db4-8f9e516a73aa,Real,0
3560aa69-5be5-1f7d-1d43-00cb5de43a3d,Real,0
f5f6cc4a-af6d-6d7a-a91a-56312a4a8b42,Real,0
2f8f4d5d-b741-b691-890c-cea2d8143c14,Both,1
9e933266-f137-ff0d-adde-dc43df7db2bd,Behavioral Fraud,1
b3c8b14b-2b42-a185-4470-720bddad863a,Unknown,-1
72004599-c917-3b33-81c1-9581d873991e,Unknown,-1
c5788482-10ae-8b70-0bb3-cb6d339b48d6,Real,0
08f5202d-26a2-75d2-d2d9-fa4292f2a621,Unknown,-1
93617684-1f6f-d386-07f2-272fc52fd6ff,Unknown,-1
b0e30694-7560-0ba9-ef89-ee931c0b79f4,Unknown,-1
668e036c-f86e-9ade-016e-ce8b38de3244,Real,0
22834a60-8552-d42f-db49-d3fa92c1e3be,Unknown,-1
3a279b2e-b88d-8d54-1c51-3741d1bdd3a8,Unknown,-1
924e6926-dbc3-23ad-432f-ed18581a2980,Real,0
30a8f489-9f63-d556-fd2f-0fee3b17c863,Real,0
5789aa98-7a8f-e8c0-26f8-00f9125c57ea,Real,0
6b12d202-d307-7e3a-6994-ace8f6c670fe,Unknown,-1
b2810079-1184-722a-7692-fe5de7baa7a0,Real,0
d14bdbd6-5bc3-cc31-5544-c8d6dbeaf750,Unknown,-1
aefcba72-c4a9-ecc0-2ef4-176ad9c7c9ff,Real,0
f83f95f6-3512-e8f4-f8fa-b5bfed470a9c,Unknown,-1
ae30abd1-3e9d-3a5e-c7d8-1809f8caef67,Unknown,-1
05ca2cba-7fad-9bdb-67c8-58b7cf1c8e85,Unknown,-1
a7097160-4e18-6c4b-9804-af0d6947d4a8,Unknown,-1
ce7d95e7-e0fb-8715-74df-e29a3e75eabe,Real,0
801b27e7-3cad-c49a-c47d-dada1ba7dd77,Unknown,-1
92862ab3-5f0c-3cd5-e0b7-15d7e8dbe4ca,Behavioral Fraud,1
fc6be0ed-4baf-72a9-c788-d5727eba6eb9,Real,0
5008c4cb-c315-d41b-b69f-6cc1e18c7e06,Unknown,-1
fcc3acf8-18a3-efe1-8f75-f9e7e1423c0e,Unknown,-1
6245ce76-85de-5581-1da1-7fab22027325,Real,0
3f38fc30-d7a0-be9d-5b68-cb5ff199ee6f,Real,0
6d28a706-c533-fc45-f460-5a499c647d7e,Real,0
4c5bfc95-941c-1875-9744-54e0abd17e4d,Real,0
75bddb48-2d8c-a0ae-26e9-93801b44fadf,Real,0
87203150-94a3-f6c8-af34-955b1683fffc,Behavioral Fraud,1
ed8a1d17-70ec-1fc8-a2c3-3820c5fc814a,Real,0
bf21f192-4e77-986a-785a-88133fe9c517,Behavioral Fraud,1
43755fe1-9e11-d673-ef0c-c5c9de0760fc,Real,0
024cf8c7-b029-5b0e-6268-90732b3e7dc0,Unknown,-1
63dd7e5b-59bc-b869-e85e-bdaa8bf37601,Real,0
9ba0b31b-89fe-d193-bc3c-e9df9341e334,Unknown,-1
a1e7120d-df88-0a2c-795c-e9285087667b,Real,0
75dfbe64-8137-7b02-36d5-3c15a4319462,Unknown,-1
583e80f6-05fe-7343-8529-f9099fb1da64,Unknown,-1
c3c973a3-2ca1-dabb-c5c6-e9379863cf8c,Unknown,-1
871adac5-2edb-fb7b-9c62-2b7b18dd07ee,Real,0
cc4cc4dd-7883-6ddf-b0ab-0f6382032dfc,Unknown,-1
e3cc23c0-3c61-457f-1518-0ce362114c06,Real,0
625684f3-2f46-c831-b423-3051aab27915,Real,0
1e6ea744-046b-4987-46eb-1871839c7944,Unknown,-1
b2aad8e4-b679-c6e4-348c-c19e3a3554de,Unknown,-1
a34072e9-b6db-ae34-cb3a-f348dbc11a52,Unknown,-1
d7b750f3-4061-e20a-4d2e-18bb072659b6,Real,0
7b714b32-7217-a530-c5d8-99b6fb9868b7,Real,0
042fab0a-79fc-294d-9180-b36eba7b2772,Unknown,-1
c87ebddd-8164-f373-e980-de2009c1efbd,Unknown,-1
d5c6296a-d79d-153c-2cd9-c38819d262f4,Real,0
b5098321-3ec5-e5c0-260f-ad75a617480e,Real,0
7faae9d9-3d37-4b56-c151-ac3847801cd4,Real,0
c9b82739-eaa5-3d45-ecb1-da441842b86a,Real,0
4f000607-753b-fe31-2dd1-c0b023e2972e,Unknown,-1
0667c7f7-cef2-7c93-f325-c235f44eb78f,Real,0
c5972e6d-5f36-eb50-baaf-1072cafb018d,Real,0
6803d122-bb69-57d8-cce9-d372077623fb,Real,0
f4c37d85-ef78-cbba-c59f-b98f01078917,Unknown,-1
480f7698-0e8a-ce3f-26ab-bcbd10f9592b,Unknown,-1
9daca510-2a5c-de52-8fed-cd3b07eb0405,Unknown,-1
af135fe8-5a75-b646-a074-bc3e59b0b808,Unknown,-1
f46d29c8-26b3-a68b-48c0-bb267dae149e,Real,0
05438a88-e338-12c6-e963-6bfb929f1734,Real,0
b206d815-2748-4e3b-6003-be49ab3ef5e1,Real,0
612f9674-b1b9-1d6f-f695-7ee7e7bbcd80,Real,0
7eaddcf3-cf31-5f71-da35-6621b4a30dee,Real,0
7d5fe7ea-c006-43e8-bedf-0d0d67969325,Unknown,-1
5c1ef38b-9034-2c99-72ae-a680e09fca5c,Unknown,-1
8d826ea0-c215-ebba-2c15-b8d2349a4a1e,Unknown,-1
ab64a765-deb4-b4cf-7c33-66b1b353de03,Behavioral Fraud,1
a3f1e4f2-0bb1-e1c2-8233-98511bca700d,Unknown,-1
0824e387-33cc-15ad-3d5f-14d27810e109,Real,0
2da87f03-424d-0fea-b765-a81f2a7f7327,Real,0
dcc00f20-4e50-eeb5-f411-45794095c8a1,Real,0
179dfe07-ee1b-2952-c33f-4875d727c018,Real,0
6c6f4d13-4297-8369-c2b5-6ff1c17ae070,Unknown,-1
a8622cdb-cc37-ed59-496f-e615c60378ba,Unknown,-1
b7e7b909-69ab-1def-ffcc-349062000e07,Unknown,-1
ac8ec5b6-771c-2bb8-28ae-56c9ac2b4c52,Real,0
a18b1e08-2a15-3722-6d16-d46561480318,Unknown,-1
b9551cbf-8dd1-af34-9cd5-c56a24f7a94e,Both,1
bf49d02f-f064-80e2-22a4-f6f9b9cdd826,Real,0
81d15ec9-1d7a-9d96-3c18-d36c31aba05b,Unknown,-1
d159f2b3-041a-67ba-b658-0a502231d452,Unknown,-1
8fce5e06-a6b9-ab27-e979-aa5806ec31d6,Unknown,-1
e708c780-0088-f8e3-7d3b-b7c86c888100,Real,0
bc91984b-bfea-f599-4d6c-756b59b00855,Real,0
f3eacb25-6ba5-b200-5440-ec3eb96fcb8a,Real,0
867d2ce8-1548-5025-0e66-754a5c4bdf95,Unknown,-1
1c9e6a16-d6bd-9c4f-e061-11e9ff7a189f,Unknown,-1
579c63f7-15bb-4c9f-1a5e-747595e35a66,Real,0
d6945177-1450-038c-b6fc-872ecef1a718,Unknown,-1
eafe2e0f-c22f-eca4-822e-7b4af7eb93a0,Unknown,-1
37bce34d-6658-f97d-90d4-a2d5a086b844,Real,0
06159f5a-213f-919c-b40c-05c0317c7d1b,Real,0
45e0a427-ca50-92c2-ab96-0faae1ccb681,Real,0
db562794-fbc1-2877-e4ef-3d748ac8cd77,Real,0
2993ed4e-80cb-d027-999b-4d83bf1514e7,Unknown,-1
6729dfe5-aebc-ee25-86be-2d23945ec52e,Real,0
50af0c7c-9c47-0630-072e-9f563d480d82,Real,0
60589388-3c36-d2c2-d07c-0060fd53b21e,Real,0
df2da1b3-c665-961e-864c-6e952643fe34,Unknown,-1
3de985ba-23a5-70f8-bf04-438ddbc864e5,Unknown,-1
e6d3feda-6601-3f91-4fc6-ed849b6b43cd,Unknown,-1
439986ea-5ca7-5d3a-bf5c-8d4d198bccf5,Unknown,-1
7a82a01a-cec2-7c94-26b7-1a69fbba1990,Unknown,-1
e198f494-c512-2d88-99b1-916c757af035,Unknown,-1
2975d42d-4143-a563-e897-6dde057b6087,Unknown,-1
180a393e-52d9-2758-9bcb-723398eacdfc,Real,0
2c8c71f3-26af-90ef-e3a3-68a7a80ea510,Real,0
f9b6896b-a769-c2fe-c607-593c547ddd53,Real,0
482cb568-6ece-4d4d-7ecc-ebde8b55c5ea,Real,0
7315e763-3b86-d653-0752-9ca06767abd3,Real,0
2b1bfa0b-9f2a-315c-495b-70d4ab1e5e76,Unknown,-1
04f6df2e-fc9a-37d3-fdc4-629cf0e3be69,Real,0
f74be714-fbc5-797f-7601-465a86465ec9,Real,0
30fac194-aa0b-fa09-23cf-f3ff9552bd05,Unknown,-1
fc78adaa-a98a-adcd-3520-de208f652a6e,Real,0
d9883bb3-88e9-f21e-4935-ad449ca5ec9a,Real,0
61ef1569-66e2-dec3-3669-23c125579f64,Real,0
9fe768d9-04fa-6f5d-b2b1-e0269ae1bdeb,Real,0
379b94fd-3674-7191-2ff7-309511736c23,Unknown,-1
cdb771e0-8da0-4df2-cdf6-c21a5643c5cd,Real,0
2787fe31-a857-5cc3-a23e-04cc16a8bf25,Behavioral Fraud,1
c884ff0d-94f7-1a32-b0e8-bca9d93d18b0,Unknown,-1
8f7b1613-4bb3-47e4-14e5-fa32224ae6bb,Real,0
4a09aecf-b66e-41b7-29c2-4d6c9c05665e,Real,0
16e5526b-88c5-65ff-eea2-810923aae940,Unknown,-1
3b580ab8-84c2-5c6d-a777-3745ae45c894,Real,0
0032b464-de24-5fd1-4a20-e7ef5b38a5bc,Unknown,-1
9e45bed7-15f5-4a5a-a357-90e9b03adaee,Real,0
03d5d161-ce6a-6cc5-810c-fb6efaa2ab49,Unknown,-1
d8090e5c-9600-3656-793f-a595eb42a1e9,Real,0
ecc93842-45a3-2a7f-8bdc-57f3107300f3,Unknown,-1
be0bdfac-ac50-b1f6-bf47-c792ae4e440d,Real,0
17556f7f-c86c-3161-01be-87bc3bfde7ad,Unknown,-1
ba1b1b4b-fee3-9ed0-0ff1-914e51ecf3fe,Real,0
494b76c7-6357-035a-4084-28eb793d6701,Real,0
bb03b0d0-d127-6d33-2e65-5466307b1213,Unknown,-1
c5914571-04e7-5457-ebf0-f9f4a0223c48,Real,0
16f7b5b2-7c84-ab85-d9bb-456d5b7351ed,Unknown,-1
2c79243e-0bd8-d061-dc3b-2e8c625e77db,Unknown,-1
1488590c-2b02-4581-676d-47384c2b62a9,Real,0
34e625de-8d64-d2cb-9496-a93779b60400,Real,0
062299ae-747d-4649-294d-7c0524a9d753,Real,0
dcc79069-665b-d924-9f73-11eaf8fae3b1,Real,0
ec0513fb-09e8-32a3-f09d-c37acb2ff6b7,Unknown,-1
2f9f4d48-0597-4879-444d-832f95641db3,Unknown,-1
67c846e2-53ea-b4b1-81d8-625f1194d6b9,Behavioral Fraud,1
ad1ef518-aedc-d051-0a19-bb0c3191acdb,Real,0
4aaebb24-97dd-b45d-856e-7da13f6c10fb,Unknown,-1
cd2830b7-3fb8-a5cd-7ec7-a3d4d8962abf,Unknown,-1
c3542061-1bc2-b906-e6e0-df1fe2089175,Real,0
fed013a7-ad19-777a-467d-e68bfbc45696,Unknown,-1
b16b02de-dc62-9bef-3d09-56413ba7d7e0,Unknown,-1
4db3ca43-3fc4-e33c-352f-7f127e56dc73,Real,0
63d9a9e7-98df-be77-b8d7-65550c0b1060,Unknown,-1
8dd6eaba-e5b3-8d36-2237-6ee5f7877122,Unknown,-1
70cfbea2-5e1a-a8ae-771b-f5c0858836e6,Unknown,-1
bea06ebe-1f49-01c8-2c5b-f26a6ac9755a,Unknown,-1
0b725819-31de-f387-913e-503440d6e06b,Financial Fraud,0
046cf288-ef24-3052-dd6a-fb2951b8a1de,Unknown,-1
47a99528-dea3-eaca-d034-fbec2e7312a8,Real,0
da2554b3-1e1e-1583-6803-3e9edb34b2cb,Real,0
887a27db-1e3e-7226-31e7-6cd948760d3f,Financial Fraud,0
97b76242-b908-c731-f55d-b0c44b265054,Real,0
05d98291-ad51-f85e-a61a-c4f1c3022acb,Behavioral Fraud,1
250ccd53-1228-4e32-078e-4853159cb71b,Real,0
c01ddf48-736a-5b43-adf0-14341eb426ec,Unknown,-1
1bdc8d5a-a002-940b-cae5-189b3bb05db3,Real,0
890ee34e-6edb-c646-8fed-00323bb84ea9,Real,0
ba9e45b7-c154-5d21-18d9-4c5e2af517f4,Behavioral Fraud,1
95731664-3507-f7bf-959f-deefd903f06d,Unknown,-1
f907ec77-cedd-2beb-e0a8-5a20e16e291f,Real,0
8f47d5f9-e79f-d0c7-2f5c-e6731d64baff,Real,0
f7548774-d06f-b2ca-fcc6-e228d791b1a8,Real,0
59d71e44-dc3b-fb35-e955-dac23e3a25c2,Behavioral Fraud,1
824e3839-f51b-0f4d-46b0-509187b1e962,Behavioral Fraud,1
af2eb50f-20e5-c0b9-4de5-62c62f049d5f,Unknown,-1
91d7fb90-36e1-2302-6d70-844cb482bd5b,Real,0
c059a2c3-e003-4645-28ed-33229e3aed62,Real,0
75dab30a-bff5-8446-58d0-f36f4975c41a,Unknown,-1
e463d0dd-ba95-aef6-e795-688c17ceb421,Real,0
97358bd1-8a4b-f0c6-5ca6-85bba08c65df,Real,0
6a2781b5-3f49-4032-fc5e-3a7f11e9289f,Real,0
8ff70d58-36f6-4d77-f842-bb92a9a959e5,Real,0
8bda461d-76a6-aa52-6955-0a948479268b,Real,0
32bdafdd-dca4-4934-6fdf-a928da6118a0,Unknown,-1
deadee7a-a43f-19d6-3df8-2b839acf2f0d,Unknown,-1
4a17d23d-eb5b-cf62-eca0-e2aeba5a7742,Real,0
f1ab50be-8026-37c0-cfbd-864706c8e85c,Real,0
03652f1d-33d4-cf93-b85d-752c7f4edf6e,Real,0
7c752ad4-cc42-c4a4-662f-902d990f8399,Real,0
a19bdfdf-2a46-20fd-f612-839fdac67923,Unknown,-1
2b8a2f43-f411-c0d6-96af-d2e988f9cb09,Real,0
f870612a-f0f4-cf8d-036e-06cad8626d2d,Unknown,-1
34c0da05-324f-1286-7ce2-dbecc392cecf,Real,0
765d20b5-5471-3818-9fee-aec8016caaa1,Behavioral Fraud,1
3fa16511-c5fc-901f-7875-6ef073f86113,Unknown,-1
74178115-64ae-b888-d336-b40465b7c624,Unknown,-1
345456a9-87bd-bea7-9b14-09d4dadfa862,Real,0
b1cadff7-57d6-ad37-9d61-3cf11f9bb7c5,Real,0
d5d28730-1d07-8933-0e13-c403e81cf5a3,Unknown,-1
18f2adc0-a91e-1d61-c4ba-aadd4c2ba0a7,Real,0
e6723de7-b5aa-19da-3182-811e29fefac2,Unknown,-1
280bb8ce-fada-e11f-a16f-22b0aa1c8dd6,Real,0
c6f2131d-94a7-3f64-ce17-d065956c05ab,Real,0
848b1010-931b-3833-0af1-fb51865eaa65,Real,0
4d283c65-ec11-14f9-b682-ae380ce1b217,Real,0
4f9b4d8c-14db-aec9-a4d9-0801b0bb012f,Real,0
9aeb259c-20f9-6eaf-c240-870054771aa2,Real,0
9cd4521d-adb4-7963-72de-7a4f85a64c69,Unknown,-1
783a2fac-f600-7fd2-c8b5-5ef34fb14e68,Unknown,-1
23bff153-5f6f-78c4-27c4-53306dcda841,Unknown,-1
b09cdacb-7750-d4d6-23da-653b8db89ae9,Real,0
c58dc758-f89a-51cd-22ae-e2da17f649ac,Unknown,-1
a3c7fdaa-d3f8-fa01-b77a-1025885457c9,Real,0
49e8e2d8-8d5f-a8c7-be0f-61ab3f603ce3,Real,0
e475a59f-c963-524d-0114-bbfbea9f6ee2,Unknown,-1
9d14f8a0-12fd-589c-8746-f6c8da62b30a,Both,1
3d2e7478-d2d8-a174-87b2-2de6ef2d87f2,Real,0
c6394ab1-a033-a477-336f-20be91fb0919,Financial Fraud,0
0c23bc14-d754-ceee-c28c-7bacad611a6d,Unknown,-1
9b035009-5c48-ea3a-b171-998546ab6dcb,Unknown,-1
0016c119-b707-440f-c52e-bd4b88cc829d,Real,0
e8ad3bf3-3fe0-311d-166d-1c5b2848463d,Unknown,-1
e98d8217-a293-487b-33e4-ad9d0231b837,Real,0
0a634941-f33b-890b-6012-fe7c39b3bc40,Real,0
2e8682a0-0ccb-c3a0-c7d0-daab7802b887,Unknown,-1
fc135a83-77ab-46be-1fbe-d26a1523b793,Real,0
b1d55dc0-5357-c601-1232-5bbebbe9b0c9,Unknown,-1
10756590-80cd-3c6a-182a-d8313e8545ae,Unknown,-1
8ee8833b-f178-75e0-cf64-e2b8609bf5ee,Unknown,-1
5946b31d-6c18-20a6-95f8-1c003bcb27cb,Unknown,-1
f7fe976a-882f-e90f-6c58-26ddd33a21c9,Unknown,-1
d7fd54d6-f18c-f4c8-3c43-a6400fc9d29a,Real,0
cd56e217-3d7c-e224-d32a-7209726320fe,Unknown,-1
49414828-5c2d-d093-913b-1521dce4fdce,Real,0
6f3df2d1-c75e-e9ad-fe4f-ecfc6840154c,Unknown,-1
71efe27d-d223-f758-3812-74b1df7063e6,Real,0
aed8d39d-1ac7-d06e-033c-ee6570e4ac66,Unknown,-1
c138a5c1-93ab-e72d-138b-271970dc986d,Unknown,-1
bf344700-238f-0dc1-c790-68cd0bbff16f,Unknown,-1
37509703-ec10-07d3-987b-fc0e256bc10d,Real,0
82a1e7af-620e-7e7b-4c47-ceb2a4fc92d0,Real,0
8482e65f-e1f4-fac7-cc5b-23b4ea812e66,Unknown,-1
2a1c1ce0-7745-bd80-3757-e7a97b8f6b68,Behavioral Fraud,1
3707dba7-ae41-f3b6-b2b5-31d08b147c99,Real,0
e9067652-562a-c2c1-cf61-2218348cb3bd,Unknown,-1
35f409f0-8943-d295-a98c-4acaf605dfa2,Unknown,-1
fe7e16b4-5a7b-f577-48df-5b153cab7149,Unknown,-1
092d44b0-66ed-b64a-dee2-9eba2e82761e,Unknown,-1
299fde59-3d49-c2d9-2bcd-0f786a1bc893,Real,0
6e4c47f5-67a3-e866-562d-6ea40f1884b8,Real,0
9326095d-2151-a069-f40f-e55659a9c7a5,Unknown,-1
3772adaf-5b40-735a-8402-7daff5e84d7b,Real,0
289cb3be-3598-b48e-b8ea-487ac22b6f3c,Real,0
e9f50cc8-b5c5-39e5-4336-fec6014ed341,Unknown,-1
e5ff5731-90a8-d23b-2612-0099d7f2f974,Unknown,-1
c948dc0b-c145-3353-d2b4-585be1a3cf5b,Unknown,-1
14f25702-4bd8-6bb3-61f0-c18c3069d70a,Real,0
a41b725d-a661-b92a-afbd-6210e3e8f84d,Real,0
cf959dc8-e338-e68c-b1a9-7dfb3c5b8ba6,Real,0
01d442ee-6da4-97b9-47c1-880ca9ba301c,Unknown,-1
6845eeab-6702-3165-bf04-393d1d0744c2,Real,0
69472c11-b699-ebf5-9972-b082dd08ad86,Real,0
14e075b0-43f7-7e33-17f7-3a53d2d0b27e,Unknown,-1
d35332b3-464d-c6d9-5e2a-638bc1c0e9fd,Behavioral Fraud,1
b2972f0f-26ad-8269-5a7a-28ce8ce15a5a,Real,0
75dad2e5-89e1-7034-9c19-36dead3ca8f3,Real,0
6abce880-7634-d2d4-ceb4-0594edd25046,Unknown,-1
08032b9c-3856-fae5-853e-e30f368c7f43,Unknown,-1
e246eb33-dd33-6bb4-39dd-641846fcb786,Real,0
97c4ba24-60df-e033-5967-6fb6e25a9884,Real,0
b06d687d-e33a-bb63-9e89-174883046e82,Unknown,-1
9c9bbfa1-ebfa-538e-11fa-f5f4f9f84c2c,Real,0
23b38000-d367-209d-8c76-10dd1a565256,Unknown,-1
66928e1d-fef8-3f9b-c11c-7f02504f672d,Unknown,-1
e7c88da7-53ef-7596-84f1-826f6224c23c,Real,0
2cc36fa9-8733-a87f-cd44-589862aa3a8c,Real,0
a2d1c3aa-3f51-fff3-e07c-de8d267695cf,Real,0
4b081222-f8eb-fbcb-dd03-8a877dac65ef,Behavioral Fraud,1
2275acea-bcec-8051-9752-b757cb86d76c,Real,0
4379449c-6378-1ce6-9f44-5bbe73cc1935,Real,0
17780f14-a79f-6195-f80c-10ff15f74c48,Unknown,-1
7ab6662f-9cb9-8e88-e601-285da2170e28,Unknown,-1
d69ef73a-9089-7918-ab0a-92da722ec998,Unknown,-1
8a98fe4b-8fa1-c667-db51-7e1e16f4cbca,Unknown,-1
a6a56adf-b40a-30b4-5a8f-842a5b0dbff0,Real,0
b9dab6da-19d6-4540-fb4a-b20e26e9b561,Unknown,-1
326ee1a1-51ec-6bfb-a022-9692c0c6fed4,Real,0
d8a5e9bd-a6a4-c0e1-2ab9-5b9b294cd802,Real,0
3704a26a-610d-8162-04d6-c4fee9a6b882,Real,0
58994677-5692-ad5b-46e6-dc9b406beb43,Unknown,-1
2854e172-6555-9af2-be33-849d16cc50e1,Unknown,-1
ca2ced7d-e5e3-b227-ed76-40044cecacdf,Real,0
7333a1b5-ca36-f1ed-25a3-f51e8b072da7,Real,0
92f73d8e-d925-bcf3-5b33-f80eebc6e21c,Unknown,-1
4954059d-9d17-ed3e-4854-f292704d756b,Real,0
d7b249fd-171a-00ec-c55d-22b746653adb,Real,0
9904fd69-2734-f402-4c23-63b199d3574f,Unknown,-1
a6d8073a-b011-f6ad-4fc3-d47c62a47928,Unknown,-1
64985876-4f05-d63d-d150-a717617f7553,Real,0
e3fb17db-596e-4cd9-465e-e2e647559a99,Unknown,-1
08364515-f500-6454-1802-9cfcf41010f6,Real,0
bdf37ed6-acb8-0048-eb13-7fcef805fce2,Unknown,-1
93d69970-6da9-8b39-894a-0c0ec53e891c,Unknown,-1
692e057b-ecdc-e6f9-d367-275ba337714e,Real,0
8ea66999-563c-31c5-44d1-e8de56c7eab2,Unknown,-1
e962089a-55da-841e-41bf-5a2eed85e3c0,Behavioral Fraud,1
bef31266-dba7-e3d6-4c3e-621b67ebde0d,Both,1
30a73d8c-a1ba-968f-4258-136bf29e02c1,Real,0
3bd49a9f-3fef-3557-5294-659a66cd814d,Unknown,-1
93d2221a-93e2-d02d-37dd-ff976db5a316,Unknown,-1
863f2462-1c68-0268-a32d-8b94d9355b76,Unknown,-1
53426ea2-6b8e-2d69-1185-581ce82f55f6,Real,0
dab7ad93-9500-e5d4-882f-0dde6edc23b3,Unknown,-1
cc1056e0-7329-df83-dbd1-e254bd46fe82,Unknown,-1
fd774c37-8e88-7794-6d98-9f7c9ccd7677,Real,0
f5c9b38d-e8df-92e7-1de9-3eda551948e3,Unknown,-1
f3261054-ace4-71a0-26bb-610307352643,Unknown,-1
0a19d185-724f-3633-9324-be6b7cd498d2,Real,0
b71563c2-a1dd-c645-02ae-80653af1565b,Financial Fraud,0
43411b22-1262-7182-79bc-07a074ccc956,Real,0
e8c6bc85-9d40-f893-7e46-3b581898ccff,Unknown,-1
f57b689f-f42b-3332-590c-9767c1f269b7,Unknown,-1
717dd115-d9c4-3a50-70a8-db9b9daea892,Real,0
3f8d119f-0b4e-45cd-58aa-1d0353faaeb2,Real,0
3c24d8de-67de-3d0d-a852-9ebc8f16d84d,Unknown,-1
899128e6-3801-976c-944b-7b5a13ed42f7,Unknown,-1
5edcb764-1d5f-4e27-516f-44ec93de4caa,Unknown,-1
e494ce69-adb5-231d-43fa-bd19342086b8,Unknown,-1
c6bf01cd-059c-85d3-875d-07deee2a41e8,Real,0
497a6b36-6e9c-c4bf-370d-4ab3ddadb032,Unknown,-1
fa876118-08a4-5b13-f58b-f6de764388d8,Financial Fraud,0
19482c75-d0da-56b4-ca9c-40d0a5550335,Unknown,-1
6468a233-e203-dfe9-9bd8-9f22a355f324,Unknown,-1
624d3822-f304-4579-b4a7-8f31c0543dff,Real,0
377587af-0e3c-a6ba-aeda-344cbc5817a4,Behavioral Fraud,1
fc478096-b6a4-fdd8-8d95-1a6f3fd9be4f,Unknown,-1
0fe2061e-4708-8f9a-bf79-fe2bc42dee22,Unknown,-1
05191c1b-3461-c3f6-07bd-8defc884607c,Unknown,-1
7ac8a9d3-b528-0667-7600-a0a21a50ef85,Unknown,-1
58119cc5-b5b8-35e6-ff5b-060e704d2c57,Real,0
8d7b9c69-c380-6cc9-98b3-da872df3b4d6,Unknown,-1
bea79a76-559b-97c0-b711-2e5d01c5af73,Unknown,-1
54395d99-6153-997b-b106-6c666a3ccf7b,Unknown,-1
86fc8a41-9530-9f91-65f9-5aa7224cbf86,Real,0
32acc7b1-fe5e-da89-09bc-750f792d2450,Real,0
3c07b53c-ca36-5666-8409-9254d0c48016,Real,0
eaa3b84d-c392-fd6f-7c1e-3a99e1bcf918,Financial Fraud,0
c3d969d8-a801-a948-292a-05beb3322490,Real,0
aa586998-9988-24f6-9c0c-d1ce4bcf7203,Unknown,-1
9bd66e37-6d0b-abc8-3303-53f3ab674043,Real,0
b687d9d6-5de4-6884-17aa-4e56ae642548,Real,0
48a85af1-805e-b2bf-3fc0-19a48aa5cf7d,Real,0
a6e688f6-7990-3119-fad9-ece7d1b5343d,Unknown,-1
3a78f46b-c6ac-c00f-3f6f-c89da051bf9d,Real,0
d14da573-8d65-7247-2be7-42e3d8becada,Unknown,-1
db498aac-13e3-8698-0bc1-4ff58b1ce074,Financial Fraud,0
6f803406-88f6-e78d-ec35-68fc8051da9a,Unknown,-1
be9fd099-6386-00a3-5aca-289bb788d8c4,Unknown,-1
02c12369-1464-327c-eadf-3a94458993da,Real,0
464be87e-3fcb-df89-ed34-dfbbaa04bc93,Real,0
4dfa5c44-9ee0-2252-687c-ca155bd87548,Unknown,-1
2338363b-b537-87c3-4f4f-ded3165189f2,Real,0
ec284ac6-af5b-77b7-6ee0-1bc89fe7a54f,Real,0
1871fb6b-9150-1c14-580d-f92a32034042,Behavioral Fraud,1
9675b0ea-beb1-7006-5ac1-1551451c62a4,Real,0
68393f73-b710-1a2f-c2ec-be2121770b0a,Real,0
8b539121-10ab-02cf-db34-e4da5522717e,Real,0
52e62878-a769-0ab5-7b38-a40d806248b9,Unknown,-1
2095dff0-3248-0f76-ca87-710a5fd19ecb,Unknown,-1
214ef5ec-b746-ad08-fbf4-957308f66e84,Real,0
32e8a381-cf89-c0fc-8c01-2ced9a072d8b,Behavioral Fraud,1
6e274e4b-bd2d-2c10-7d3d-be40095b3cf3,Real,0
b5c55edf-cb53-7dcb-68ca-5c9a295678bf,Unknown,-1
75749c5f-4eef-de40-3112-5ee361f91799,Unknown,-1
9f93ab5f-1748-0408-07af-6e0329a786aa,Unknown,-1
579ba7ab-5bfa-2a5d-802a-af7e12b9d749,Unknown,-1
03134566-a965-0116-7cbe-a58c8255885b,Unknown,-1
a4fac338-83de-40d4-6067-7a1489fcb331,Unknown,-1
ee975718-3fed-03b4-5dfb-5fcdeb4fb844,Real,0
8a55a42b-eac0-104c-445c-5d5f13d9d198,Unknown,-1
c89e31fb-6981-b2dd-afab-262f99b4678e,Unknown,-1
3412222d-74a3-032a-9e85-fada5dedf83b,Real,0
a2bdee03-d461-7bb4-d3fd-bf4fe25ab439,Real,0
1abcc5f1-7b3c-d2d7-2f3b-40a2204e5a82,Unknown,-1
586d39f0-a30c-0154-1b55-b17932a3e5b9,Unknown,-1
87505972-d6ec-526a-0fed-ab4e9a21062e,Unknown,-1
970bdaec-a532-d0da-c14b-9326194b5caa,Real,0
9aca8879-0b52-f2fb-d6e9-5d3765739b93,Real,0
747ead8c-49d3-6cc3-42d7-3853a4982607,Real,0
30d399de-4ca2-bc5c-a981-6e0bba61ca56,Real,0
0b744b35-9e95-3ef2-b772-071b10fd581d,Real,0
2aa884be-f164-e799-de6a-1ee09c18f519,Unknown,-1
12146741-797f-009b-373c-86430c49073a,Real,0
af15bfc4-7947-40e6-1e2e-1a32e593c565,Unknown,-1
c3a0b89b-30cf-8f08-5f1a-594becd45dfb,Real,0
d90a87df-0a48-9ba1-cb52-963cc2b0141d,Unknown,-1
33f0ee9b-d3af-060d-f6c8-7edade2386f0,Real,0
38770803-6a56-e2a4-e541-cda66257f380,Real,0
9885324e-2869-139b-3c38-63d9467b11d0,Real,0
ce187d54-f784-fc65-aa06-b7acfd67fa47,Real,0
dae53fb1-98c8-dcbc-44aa-bd1fab7acc03,Real,0
b87b3931-5490-2c94-b06c-b7a27f55038a,Real,0
fd11da78-bffc-04be-e588-46999902e30b,Real,0
233f4a8c-719b-8166-7316-fdfa33ef0766,Unknown,-1
d2331e6e-7f5b-b2c3-1296-decab4e193fa,Real,0
ee697a0a-ec16-899f-f617-9a67900c2f75,Unknown,-1
84a6ba5e-2d6c-b925-d35c-20bc28b5c74b,Unknown,-1
a29a692a-173e-196b-dae3-b557ddf98f7d,Real,0
7981a284-a0fa-3b98-5892-84a1217210dd,Real,0
471e2590-8c01-e39c-d720-7a06ca8f284c,Unknown,-1
6cb3e4d5-d0e8-0e0f-ecea-3ebf6a5ad614,Real,0
46ffb7fb-34b4-f151-8874-902449f8ae1f,Unknown,-1
5b1f9f1d-9e20-35c6-2690-ad3f76f468da,Unknown,-1
26b6deef-87d0-1dfd-1851-3de9149082a3,Unknown,-1
affc0b9f-de64-fa71-5d84-7f6ab9f1febc,Unknown,-1
a9846e54-f1d0-650a-3895-ceda8c5a7959,Real,0
a588cf6e-dd8e-bba1-e5ed-fe5dbf218152,Unknown,-1
7f3a8b67-ab4b-29ec-8e13-22345d561908,Unknown,-1
418e352d-969f-5cf9-1f59-824cf4f288d7,Real,0
cc643c7b-f814-e2f7-1e28-d0c5d1177113,Unknown,-1
80b957d2-1fd5-28ed-450e-2d08a67d111f,Real,0
dd713ea2-6555-8632-6e41-3c10947bdf94,Real,0
6c39d505-e611-c22e-b0fb-e9ec19253670,Real,0
5ab39d70-054f-fca7-63af-9df4bec41015,Unknown,-1
f4221f5c-f08b-bd39-a276-6a68a390b444,Real,0
5a0902c7-a5ed-b6cd-5183-6d1486d1a752,Behavioral Fraud,1
fc70c437-e006-16db-4169-05728a1f223e,Real,0
7b74e955-7296-fa37-3023-0cf9b078b7ee,Real,0
b3ac4bb6-8671-28ef-33f1-ffde577a2237,Unknown,-1
84bc905b-d22e-bde3-bfdd-bc405b96f2f9,Real,0
a659db3c-e6e5-eebb-3493-b332ddc23b61,Real,0
c035344a-bcb5-8a98-9091-bb685ac6d17f,Real,0
162520bc-4c56-eef5-fdb0-74b0fb247ba8,Unknown,-1
372764f6-c300-62ec-2542-fb45ee87e252,Unknown,-1
9d6074e3-ff59-fbac-7d56-86d76077f074,Unknown,-1
d756b68c-37c6-3b59-9332-8cdfc41971bf,Behavioral Fraud,1
2f894ba7-3d09-28e2-441a-37b283925e25,Unknown,-1
2ae6ff29-c40b-9684-f5d1-be35c670f2cf,Unknown,-1
e4cfa28c-2aed-9fe5-644d-eecef01e4f68,Unknown,-1
24a84925-9a43-14a6-3e81-c3bd1261dc91,Real,0
8081c7f3-bf20-27f0-cb30-2b8a9a8b52b5,Unknown,-1
171e70c5-a9c6-7418-adcb-3254b80ee33d,Real,0
becc0697-27f3-91e6-5337-9b99e5c2983c,Real,0
a5cf1c4c-09b7-0d7c-4a67-9692ca0294aa,Unknown,-1
d498571a-d1a9-57d1-f9d8-f11f76a749e7,Unknown,-1
b94d26e8-7019-3c5d-750c-279e0ad142a7,Real,0
083aeec1-ab3c-3f59-52bd-a8e110123939,Real,0
a63e3e0e-33aa-ff9c-3d63-4d45f173dde3,Unknown,-1
783bb2c3-4198-9f30-2e58-a68b7eb9b242,Unknown,-1
222ce41d-ebb3-b93c-16f9-c49ed8031809,Real,0
93575c18-de08-02d6-2565-2b0434e08d0b,Real,0
7cf37b74-f619-8e8e-918f-61dfabb680c4,Behavioral Fraud,1
8c6310f9-b13e-d950-e765-479de50c8133,Unknown,-1
d15adfba-5fb2-d5f7-336f-e6262be6e2f1,Unknown,-1
2fdbf5d1-c75f-248f-cdf6-6de748668d8a,Real,0
52bdd0c4-b9da-245e-0e87-fb4d5a1fafb7,Real,0
607c95f4-13ec-4a24-f104-bd98e0e6e67a,Real,0
aa60a42f-3102-2b8a-4517-f19fb6eadacf,Real,0
e5b20a33-dd85-75c6-19cc-3b1636ca164c,Real,0
b540cf63-b240-fbd1-f726-f3cd4c92e631,Unknown,-1
29e0ff03-f7b5-596e-b2d6-d4ae3227ec3b,Real,0
2341cc1e-349b-1db8-425b-98d072b9f55b,Real,0
916927ad-64b7-a021-c4e9-9661cb1bbfc6,Real,0
20365f6a-5f70-a172-a950-3091a31a32f1,Real,0
cd0a6caf-7a3f-2472-0a18-6b366a062889,Real,0
6560f3fb-72d6-8531-932f-a5e25738425f,Real,0
527cbc05-863f-644d-016f-4c6796dfc3c2,Unknown,-1
5fcf6983-b01e-3f14-52d3-8f8d2997408e,Unknown,-1
49eaa1f9-d812-678c-3032-bf446f2b0037,Unknown,-1
9a780eaa-ffa1-d8c5-9faf-92e8253b3e1f,Unknown,-1
64287dcd-f073-a3a6-a657-99bf359af62d,Real,0
54353a08-29da-eaef-39ea-894381d4af22,Unknown,-1
2c46be0f-a02f-02ba-41f8-cf3531a3df5a,Unknown,-1
c1bcfb19-d479-5a34-8385-44ba8037e2ac,Unknown,-1
1803a337-f49f-c946-4dce-4bc01fa9d116,Real,0
b5348764-9b8d-911f-fdbc-1a923e8e8ac0,Real,0
d5b1d51b-a149-d469-cdb2-0dae354f2f46,Unknown,-1
cc9c984e-1385-202b-5708-a0212133b0f4,Unknown,-1
6288e06f-3b39-85a4-23cc-a7acd97eca32,Unknown,-1
8a1f1fbe-cc74-7992-2a7c-ba837bec028c,Behavioral Fraud,1
327db560-f4ab-9f03-9efb-c42b8f5b44f5,Unknown,-1
a42cc74b-2b6d-fe9a-1054-b56407eb9895,Unknown,-1
c00afe60-0d9c-a58f-d8cb-dbfba9120e41,Real,0
45a78100-7198-8ade-6d72-31dcb5a96aad,Real,0
2b8f5324-05ea-afe2-a388-41553a16292a,Unknown,-1
a280728b-4559-b641-7fe5-509b7a0ea817,Real,0
9861ff42-3892-e4f0-ce42-72365036f19d,Behavioral Fraud,1
47b52521-90ff-5091-556a-ce60312acda1,Unknown,-1
8271a714-5eac-12ae-3d91-756286e36273,Real,0
130ab12c-be24-3197-7bad-646abb83d9c1,Real,0
14514706-a5bc-4617-3d2c-6d6e44162a7b,Real,0
1c19e29e-e113-2970-90b6-4efb9da9502d,Unknown,-1
42acea52-cfae-0ca0-ce8a-98be44fb9918,Unknown,-1
511d6bb3-b486-b683-af21-281ee4b1fc03,Unknown,-1
8147cf02-978c-3a4a-c718-6da26af13c24,Behavioral Fraud,1
92b4f51a-292e-c6ce-a132-25a34b293ad4,Real,0
3c74b5de-1ee2-9835-31a2-5ff1ab670317,Unknown,-1
83677f33-bad6-e93b-e502-47692fb0da9f,Real,0
1c6871bd-6c9e-4545-045c-9f71aabb1ea8,Real,0
c2fbffc4-4d18-6cf0-303a-10e154b85da4,Real,0
3d71c065-e42d-3649-7f4b-bd92df6dd369,Real,0
93016e7a-785d-17b8-3458-6846ad24b9d1,Unknown,-1
ef7785f9-81fe-44a8-1291-4c7192eb50e1,Unknown,-1
84468614-d1d2-8911-06a1-3d1422295420,Unknown,-1
41307679-aeb7-3d92-8c86-623449da8b40,Unknown,-1
e49c518a-30aa-c943-e740-0c7d9118da7c,Unknown,-1
c34ef167-f545-3ade-6278-4f3c98585e87,Unknown,-1
86f53fa0-ed06-d94a-51c9-2a49fd0805bf,Unknown,-1
ded8252a-f983-fcb9-b506-45cd452498cd,Financial Fraud,0
756d26f4-69ba-57ac-2142-24b3f2fb40bd,Real,0
c718b02f-3f07-df4f-b606-5206239a3a0c,Real,0
70bfc8e4-9c9a-6dde-debc-ffc68c061414,Real,0
0fbb4709-0d30-74e9-4387-3cb98c31c2d2,Real,0
6557b8e6-4ee9-61db-61b6-7a39116874db,Real,0
2ec70be7-a8a1-e254-ac45-a388998cbffe,Unknown,-1
2d4f5606-8b51-5cd0-c6b4-694ac64af09b,Real,0
b55c1c9f-a10b-475e-c347-60b526999092,Real,0
f7702316-f3ac-a2cf-fb32-8deb35e2c101,Unknown,-1
e9d84b69-d921-26ab-e447-7df6617cd70f,Unknown,-1
d6929f9e-a766-6329-b5f5-6c41ec5c7d8b,Behavioral Fraud,1
a348bb9a-171e-9307-613e-c1c46f5346bf,Real,0
e655233e-f99b-2c78-43b1-c2ed378b0dff,Real,0
367e7821-a068-acad-156c-772ccd869073,Behavioral Fraud,1
08ad932d-dd31-361c-336d-858587db9fce,Behavioral Fraud,1
77340980-7e4c-30a8-a845-6dff1f80dfe0,Unknown,-1
f55c4119-0d30-d684-0212-64f5f289df79,Unknown,-1
97da9957-7cc1-3b4d-8c21-e6305dd62d56,Real,0
82db407c-3396-2e88-93c7-12a93771886e,Unknown,-1
aa8eb844-b2de-e75b-21e0-7d2e45dab75d,Real,0
71b09730-166d-26f5-7d25-b2d310e0f779,Unknown,-1
637ebf2f-a3a4-9012-de49-21757e3313ae,Real,0
a736db4f-e6ad-44da-146e-d8b10b5257ad,Unknown,-1
b27f7341-0623-04cd-8e11-033633d85662,Real,0
fbd75a9d-9729-63e5-846e-59253bb22987,Unknown,-1
94c9e955-65e7-0ff2-2eb3-05c3f52ece4d,Behavioral Fraud,1
faafd7ea-9193-65a6-39c3-4624ebe1af46,Real,0
e86b8326-cd16-54cb-0e38-369e076a6110,Unknown,-1
6fd6d1d7-9860-0d4d-c38a-883bb006020c,Real,0
87a8e956-c151-2edc-22ac-f73d6d7bad6c,Real,0
023ab3e2-92a6-7ad1-0223-ddb2b53da495,Real,0
014c1056-fc1a-1260-903f-e26c2d3bb735,Unknown,-1
48442193-0bab-5736-c776-d654372f12b1,Behavioral Fraud,1
f05fe466-e611-cd31-219b-26dec2b08103,Real,0
697e9eb1-0c82-ea30-0b5f-42b823c6500f,Real,0
5d2ce6cf-f53e-dbbd-8ed0-2aa78e9ac283,Unknown,-1
caace1b9-e772-3430-73f2-9c32a1e16f9c,Real,0
57261d49-1abe-6ae2-442c-38a69935194c,Behavioral Fraud,1
40f89cca-2eda-97b3-07e2-294a4d0fc8e6,Real,0
1eb8703e-55f3-0861-b36d-7ed5a62ede17,Real,0
56ad11ef-ef99-276c-9592-4f075f92dba6,Real,0
ab468b57-ca16-88f0-1691-7ec9690d76f3,Real,0
6bdb039e-10a0-daed-53f2-e00c1741ca5a,Unknown,-1
121fb7a0-4580-5baa-b623-f1cdf08204df,Real,0
e19c2f9f-5080-2c70-e12a-294472c56c8f,Real,0
7aee3104-3b7d-7b3c-0ffe-1e1b0b8534fe,Financial Fraud,0
9f1619bd-cf72-415e-c269-d637dec297ec,Unknown,-1
586878f1-6d23-bd6c-aaba-c5a84813d432,Unknown,-1
0ee3384a-7294-0ff9-f8fc-fcb2b3497d9e,Unknown,-1
8fcbec4e-e97c-9e1c-56d2-689b81ae0eb0,Real,0
46c1004a-3561-6944-69ef-9e736f4d28eb,Real,0
e47e6e5a-09d6-d1b7-ca88-f393dd2326c9,Real,0
ce296074-4f19-9d7d-cf71-215e113cee44,Unknown,-1
23eabdd5-2a4f-dae6-5195-b1e27972fd3f,Real,0
9b1f88f1-744f-5a00-07c8-f7e9a99a3ced,Unknown,-1
875d855c-70af-a14b-ce28-068aba928f5e,Real,0
5ab7326f-4986-dc60-ca17-3ce6e659c290,Unknown,-1
11e03e10-abda-97d7-6f0e-7d108840412b,Behavioral Fraud,1
0ec1a2e3-6d18-b495-1f98-56258db9ef83,Real,0
db550b9b-d717-e17f-ca49-dac0cf47e3e7,Real,0
c326ca08-763e-ba8f-e9e7-e6d07dd170bf,Unknown,-1
4e8ab387-b0e6-55c2-3e04-707827d02526,Real,0
f139e4f4-6310-361d-086d-0e57e5f84c1b,Real,0
0febc200-3290-047d-353f-75b11b0a2d37,Unknown,-1
388abfa4-5327-9a05-9b60-2ebd91a8be7b,Real,0
b7d844ca-8f54-38d2-4858-7907c1a6d8b0,Unknown,-1
c20fdde6-8744-fdbf-fbb4-9a9fff062ea2,Unknown,-1
272bb0c9-d190-1dd5-a5dc-e0319ce6a836,Unknown,-1
a4848ddd-e520-faf2-27b4-281aee05efd1,Real,0
eb34d161-061f-d54b-b8d9-9cd3ac96e551,Unknown,-1
1e6522ed-bef7-ad89-5d2d-7caf93958f19,Real,0
6db1eac9-11f2-9cf5-d78f-8381ceac676f,Unknown,-1
9d02fcbf-2b6b-9937-5ace-cd8440b7ad67,Real,0
de0bd6f4-5d44-7fcf-68fd-6552d29e7beb,Real,0
8da0fa1c-9cd6-0830-370a-0779a721ef36,Real,0
d88c1f48-d366-ae94-3214-6d4b5bf3908b,Behavioral Fraud,1
46d79634-9831-7bee-363e-1ac34789ac00,Real,0
8ad1275f-db6e-6d5e-e45b-36798b161982,Unknown,-1
955b3f99-38f6-6efd-e052-7180ee735058,Real,0
220ced99-2172-41b2-30b3-6d0a82153385,Unknown,-1
886de617-be4b-55cb-2325-c29d94d2c299,Unknown,-1
